{"cameraMode":{"drawMode":0,"name":"Shaded","section":"Shading Mode"},"sceneLighting":true,"audioPlay":false,"sceneViewState":{"showFog":true,"showMaterialUpdate":false,"showSkybox":true,"showFlares":true,"showImageEffects":true,"showParticleSystems":true},"in2DMode":false,"pivot":{"x":109.4600830078125,"y":22.558639526367189,"z":-10.565961837768555},"rotation":{"x":0.06474871188402176,"y":0.011974248103797436,"z":-0.0007762871100567281,"w":0.9978317022323608},"size":39.1705436706543,"orthographic":true}